id,symbol,state_id
1,21STCENMGM,1000
2,BLUECHIP,1000
3,WINSOME,1000
4,3PLAND,1000
5,5PAISA,1000
6,8KMILES,1000
7,A2ZINFRA,1000
8,AARVI,1000
9,ABGSHIP,1000
10,ABMINTLTD,1000
11,ACE,1000
12,ADANIGREEN,1000
13,ADANITRANS,1000
14,ADHUNIK,1000
15,ADROITINFO,1000
16,AFL,1000
17,AHLADA,1000
18,AIFL,1000
19,AIONJSW,1000
20,ALBERTDAVD,1000
21,ALCHEM,1000
22,ALMONDZ,1000
23,ALOKTEXT,1000
24,ALPSINDUS,1000
25,ANGIND,1000
26,ANKITMETAL,1000
27,ANTGRAPHIC,1000
28,APEX,1000
29,ARCOTECH,1000
30,ARENTERP,1000
31,ARROWGREEN,1000
32,ATLANTA,1000
33,ATLASCYCLE,1000
34,ATNINTER,1000
35,AURDIS,1000
36,AVADHSUGAR,1000
37,BAGFILMS,1000
38,BANSAL,1000
39,BDR,1000
40,BEDMUTHA,1000
41,BGLOBAL,1000
42,BHAGYANGR,1000
43,BHARATIDIL,1000
44,BHARATRAS,1000
45,BIGBLOC,1000
46,BILENERGY,1000
47,BILPOWER,1000
48,BIOFILCHEM,1000
49,BIRLACABLE,1000
50,BKMINDST,1000
51,BLUECOAST,1000
52,BOHRA,1000
53,BOMDYEING,1000
54,BRFL,1000
55,BURNPUR,1000
56,BUTTERFLY,1000
57,BVCL,1000
58,CADSYS,1000
59,CALSOFT,1000
60,CASTEXTECH,1000
61,CENTRALBK,1000
62,CEREBRAINT,1000
63,CHROMATIC,1000
64,CIGNITITEC,1000
65,CINEVISTA,1000
66,CMMIPL,1000
67,CNOVAPETRO,1000
68,CONTI,1000
69,CREATIVE,1000
70,CREATIVEYE,1000
71,CROWN,1000
72,CURATECH,1000
73,CYBERMEDIA,1000
74,DBSTOCKBRO,1000
75,DCMFINSERV,1000
76,DELTAMAGNT,1000
77,DHARSUGAR,1000
78,DIAPOWER,1000
79,DRL,1000
80,EASUNREYRL,1000
81,ECEIND,1000
82,EDL,1000
83,EDUCOMP,1000
84,ELECTROSL,1000
85,EMAMIINFRA,1000
86,EMCO,1000
87,EMKAYTOOLS,1000
88,ESSDEE,1000
89,EUROCERA,1000
90,EUROMULTI,1000
91,EXCEL,1000
92,EXCELINDUS,1000
93,FCL,1000
94,FEDDERELEC,1000
95,FLEXITUFF,1000
96,FOCUS,1000
97,GAEL,1000
98,GAL,1000
99,GALLISPAT,1000
100,GAMMNINFRA,1000
101,GANGOTRI,1000
102,GAYAHWS,1000
103,GEMINI,1000
104,GIRRESORTS,1000
105,GKWLIMITED,1000
106,GLFL,1000
107,GLOBALVECT,1000
108,GLOBUSSPR,1000
109,GMBREW,1000
110,GOENKA,1000
111,GOLDENTOBC,1000
112,GOLDSTAR,1000
113,GRAPHITE,1000
114,GRETEX,1000
115,GROBTEA,1000
116,GTLINFRA,1000
117,GTNIND,1000
118,GTNTEX,1000
119,GUJNRECOKE,1000
120,GUJRAFFIA,1000
121,GVKPIL,1000
122,HANUNG,1000
123,HAVISHA,1000
124,HBSL,1000
125,HDIL,1000
126,HECPROJECT,1000
127,HEXATRADEX,1000
128,HILTON,1000
129,HINDNATGLS,1000
130,HINDSYNTEX,1000
131,HMT,1000
132,HOTELRUGBY,1000
133,IBULISL,1000
134,IBVENTURES,1000
135,ICSA,1000
136,IITL,1000
137,IL&FSTRANS,1000
138,IMPEXFERRO,1000
139,INDBANK,1000
140,INDIAGLYCO,1000
141,INDOSOLAR,1000
142,INDSWFTLAB,1000
143,INDSWFTLTD,1000
144,INNOVANA,1000
145,INTEGRA,1000
146,INTENTECH,1000
147,IOLCP,1000
148,IVC,1000
149,IVRCLINFRA,1000
150,JAIBALAJI,1000
151,JAIHINDPRO,1000
152,JAINSTUDIO,1000
153,JALAN,1000
154,JBFIND,1000
155,JETFREIGHT,1000
156,JETKNIT,1000
157,JIKIND,1000
158,JINDCOT,1000
159,JINDWORLD,1000
160,JITFINFRA,1000
161,JKIL,1000
162,JMTAUTOLTD,1000
163,JPINFRATEC,1000
164,JPPOWER,1000
165,JUBLINDS,1000
166,JVLAGRO,1000
167,JYOTISTRUC,1000
168,KALYANI,1000
169,KALYANIFRG,1000
170,KARMAENG,1000
171,KDDL,1000
172,KEERTI,1000
173,KERNEX,1000
174,KESARENT,1000
175,KEYCORPSER,1000
176,KGL,1000
177,KHANDSE,1000
178,KINGFA,1000
179,KIRIINDUS,1000
180,KKVAPOW,1000
181,KMSUGAR,1000
182,KOTARISUG,1000
183,KRITIKA,1000
184,KSERASERA,1000
185,KSHITIJPOL,1000
186,KSK,1000
187,KWALITY,1000
188,LAKPRE,1000
189,LAKSHMIEFL,1000
190,LASA,1000
191,LFIC,1000
192,LIBAS,1000
194,LSIL,1000
195,MADHUCON,1000
196,MAGADSUGAR,1000
197,MAGNUM,1000
198,MAHAPEXLTD,1000
199,MANAV,1000
200,MANDHANA,1000
201,MANPASAND,1000
202,MANUGRAPH,1000
203,MASKINVEST,1000
204,MAWANASUG,1000
205,MBECL,1000
206,MCL,1000
207,MELSTAR,1000
208,MERCK,1000
209,METALFORGE,1000
210,METKORE,1000
211,MIC,1000
212,MIRCELECTR,1000
213,MITCON,1000
214,MKPL,1000
215,MODIRUBBER,1000
216,MOHITIND,1000
217,MOREPENLAB,1000
218,MOSERBAER,1000
219,MPTODAY,1000
220,MRO-TEK,1000
221,NAGREEKCAP,1000
222,NANDANI,1000
223,NATNLSTEEL,1000
224,NDTV,1000
225,NELCO,1000
226,NIBL,1000
227,NIRAJISPAT,1000
228,NORBTEAEXP,1000
229,NTL,1000
230,OISL,1000
231,OLECTRA,1000
232,OMKARCHEM,1000
233,ONELIFECAP,1000
234,OPTIEMUS,1000
235,OPTOCIRCUI,1000
236,ORCHIDPHAR,1000
237,ORTEL,1000
238,PALASHSECU,1000
239,PANACHE,1000
240,PANSARI,1000
241,PARABDRUGS,1000
242,PARIN,1000
243,PBAINFRA,1000
244,PEARLPOLY,1000
245,PERFECT,1000
246,PETRONENGG,1000
247,PILANIINVS,1000
248,PIONDIST,1000
249,PIRPHYTO,1000
250,PKTEA,1000
251,POCHIRAJU,1000
252,PRADIP,1000
253,PRAENG,1000
254,PRAKASHSTL,1000
255,PRATIBHA,1000
256,PRAXIS,1000
257,PRECOT,1000
258,PROLIFE,1000
259,PROSEED,1000
260,PSL,1000
261,QVC,1000
262,RADAAN,1000
263,RADICO,1000
264,RAIN,1000
265,RAINBOWPAP,1000
266,RAJMET,1000
267,RAJRAYON,1000
268,RAJSREESUG,1000
269,RAJVIR,1000
270,RAMASTEEL,1000
271,RAMGOPOLY,1000
272,RAMKY,1000
273,RAMSARUP,1000
274,RANASUG,1000
275,REFEX,1000
276,REGENCERAM,1000
277,RENUKA,1000
278,RESPONIND,1000
279,RKDL,1000
280,RMDRIP,1000
281,RNAVAL,1000
282,ROHITFERRO,1000
283,ROLTA,1000
284,RTNINFRA,1000
285,RUCHINFRA,1000
286,RUCHISOYA,1000
287,SABTN,1000
288,SAKHTISUG,1000
289,SALONA,1000
290,SALORAINTL,1000
291,SANGHVIFOR,1000
292,SANGINITA,1000
293,SARVESHWAR,1000
294,SCAPDVR,1000
295,SEAMECLTD,1000
296,SELMCL,1000
297,SEPOWER,1000
298,SEQUENT,1000
299,SEZAL,1000
300,SGFL,1000
301,SGL,1000
302,SHAHALLOYS,1000
303,SHARONBIO,1000
304,SHILPI,1000
305,SHRIPISTON,1000
306,SIIL,1000
307,SIL,1000
308,SILGO,1000
309,SIMBHALS,1000
310,SIMPLEX,1000
311,SITASHREE,1000
312,SKIL,1000
313,SKMEGGPROD,1000
314,SKSTEXTILE,1000
315,SMPL,1000
316,SOLARA,1000
317,SOMATEX,1000
318,SORILINFRA,1000
319,SPCENET,1000
320,SPECTRUM,1000
321,SPENTEX,1000
322,SPLIL,1000
323,SPYL,1000
324,SRIRAM,1000
325,SRSLTD,1000
326,STAMPEDE,1000
327,STEELXIND,1000
328,STEL,1000
329,SUBCAPCITY,1000
330,SUMEETINDS,1000
331,SUNILHITEC,1000
332,SUPERSPIN,1000
333,SUPREMEINF,1000
334,SURANACORP,1000
335,SURANAIND,1000
336,SURANASOL,1000
337,SUREVIN,1000
338,SYNCOM,1000
339,TANLA,1000
340,TANTIACONS,1000
341,TARAJEWELS,1000
342,TECHIN,1000
343,TEXMOPIPES,1000
344,TFL,1000
345,TGBHOTELS,1000
346,THEJO,1000
347,THOMASCOTT,1000
348,TIMESGTY,1000
349,TIRUPATIFL,1000
350,TNTELE,1000
351,TODAYS,1000
352,TOUCHWOOD,1000
353,TREEHOUSE,1000
354,TULSI,1000
355,TVSELECT,1000
356,TVVISION,1000
357,UGARSUGAR,1000
358,UMESLTD,1000
359,UNIENTER,1000
360,UNITEDPOLY,1000
361,UNITY,1000
362,USHERAGRO,1000
363,UTTAMSTL,1000
364,UVSL,1000
365,VAISHALI,1000
366,VAKRANGEE,1000
367,VASA,1000
368,VICEROY,1000
369,VIDEOIND,1000
370,VIMALOIL,1000
371,VINDHYATEL,1000
372,VIPIND,1000
373,VISASTEEL,1000
374,VISESHINFO,1000
375,VMART,1000
376,VSCL,1000
377,WANBURY,1000
378,WEALTH,1000
379,WEIZMANIND,1000
380,WIPL,1000
381,WSI,1000
382,XLENERGY,1000
383,ZENITHBIR,1000
384,ZENITHEXPO,1000
385,ZENTEC,1000
386,ZYLOG,1000
387,ADLABS,1000
388,AMDIND,1000
389,ANIKINDS,1000
390,ARSSINFRA,1000
391,BAFNAPHARM,1000
392,BHUSANSTL,1000
393,BIRLAMONEY,1000
394,BLBLIMITED,1000
395,BLUEBLENDS,1000
396,CANDC,1000
397,CELESTIAL,1000
398,CKPLEISURE,1000
399,CKPPRODUCT,1000
400,COUNCODOS,1000
401,CTE,1000
402,CUBEXTUB,1000
403,DANGEE,1000
404,DENORA,1000
405,DNAMEDIA,1000
406,DREDGECORP,1000
407,DSML,1000
408,EDELWEISS,1000
409,ELAND,1000
410,FCSSOFT,1000
411,FOURTHDIM,1000
412,GILLANDERS,1000
413,GISOLUTION,1000
414,GOLDTECH,1000
415,GPTINFRA,1000
416,GRAVITA,1000
417,HATHWAY,1000
418,HISARMETAL,1000
419,IBREALEST,1000
420,IL&FSENGG,1000
421,INDOWIND,1000
422,ISFT,1000
423,ISMTLTD,1000
424,JAYNECOIND,1000
425,KAUSHALYA,1000
426,KREBSBIO,1000
427,LAGNAM,1000
428,LEXUS,1000
429,LPDC,1000
430,MALUPAPER,1000
431,MANAKCOAT,1000
432,MANGALAM,1000
433,MBLINFRA,1000
434,MHHL,1000
435,MVL,1000
436,NEXTMEDIA,1000
437,NITINFIRE,1000
438,NKIND,1000
439,NUTEK,1000
440,OMAXAUTO,1000
441,ORIENTALTL,1000
442,PAEL,1000
443,PRAKASHCON,1000
444,PREMIER,1000
445,QUINTEGRA,1000
446,REMSONSIND,1000
447,RPPINFRA,1000
448,SABEVENTS,1000
449,SHREERAMA,1000
450,SHRENIK,1000
451,SHYAMTEL,1000
452,SILINV,1000
453,SIMPLEXINF,1000
454,SUJANAUNI,1000
455,TALWALKARS,1000
456,TARAPUR,1000
457,TIJARIA,1000
458,TOTAL,1000
459,TRF,1000
460,TRIVENI,1000
461,URJA,1000
462,VETO,1000
463,VIJIFIN,1000
464,VIJSHAN,1000
465,WEBELSOLAR,1000
466,WELINV,1000
467,ZODJRDMKJ,1000
468,20MICRONS,1000
469,3IINFOTECH,1000
470,3MINDIA,1000
471,3RDROCK,1000
472,63MOONS,1000
473,AAKASH,1000
474,AARON,1000
475,AARTIDRUGS,1000
476,AARTIIND,1000
477,AARVEEDEN,1000
478,AAVAS,1000
479,ABAN,1000
480,ABB,1000
481,ABBOTINDIA,1000
482,ABCAPITAL,1000
483,ABFRL,1000
484,ABNINT,1000
485,ACCELYA,1000
486,ACCORD,1000
487,ACCURACY,1000
488,ACEINTEG,1000
489,ADFFOODS,1000
490,ADHUNIKIND,1000
491,ADORWELD,1000
492,ADSL,1000
493,ADVANIHOTR,1000
494,ADVENZYMES,1000
495,AEGISCHEM,1000
496,AGARIND,1000
497,AGCNET,1000
498,AGLSL,1000
499,AGRITECH,1000
500,AGROPHOS,1000
501,AHIMSA,1000
502,AHLEAST,1000
503,AHLUCONT,1000
504,AHLWEST,1000
505,AIAENG,1000
506,AIRAN,1000
507,AIROLAM,1000
508,AISL,1000
509,AJMERA,1000
510,AJOONI,1000
511,AKASH,1000
512,AKG,1000
513,AKSHARCHEM,1000
514,AKSHOPTFBR,1000
515,AKZOINDIA,1000
516,ALANKIT,1000
517,ALEMBICLTD,1000
518,ALICON,1000
519,ALKALI,1000
520,ALKEM,1000
521,ALKYLAMINE,1000
522,ALLCARGO,1000
523,ALLSEC,1000
524,ALPA,1000
525,ALPHAGEO,1000
526,AMBANIORG,1000
527,AMBER,1000
528,AMBIKCO,1000
529,AMJLAND,1000
530,AMJUMBO,1000
531,AMRUTANJAN,1000
532,ANANTRAJ,1000
533,ANDHRABANK,1000
534,ANDHRACEMT,1000
535,ANDHRSUGAR,1000
536,ANSALAPI,1000
537,ANSALHSG,1000
538,APARINDS,1000
539,APCL,1000
540,APCOTEXIND,1000
541,APLAPOLLO,1000
542,APLLTD,1000
543,APOLLO,1000
544,APOLSINHOT,1000
545,APTECHT,1000
546,ARCHIDPLY,1000
547,ARCHIES,1000
548,ARIES,1000
549,ARIHANT,1000
550,ARIHANTSUP,1000
551,ARMANFIN,1000
552,AROGRANITE,1000
553,ARROWTEX,1000
554,ARSHIYA,1000
555,ARTNIRMAN,1000
556,ARVEE,1000
557,ARVSMART,1000
558,ASAHIINDIA,1000
559,ASAHISONG,1000
560,ASAL,1000
561,ASHAPURMIN,1000
562,ASHIANA,1000
563,ASHIMASYN,1000
564,ASHOKA,1000
565,ASIANHOTNR,1000
566,ASIANTILES,1000
567,ASLIND,1000
568,ASPINWALL,1000
569,ASTEC,1000
570,ASTERDM,1000
571,ASTRAL,1000
572,ASTRAMICRO,1000
573,ASTRAZEN,1000
574,ASTRON,1000
575,ATFL,1000
576,ATUL,1000
577,ATULAUTO,1000
578,AUBANK,1000
579,AURIONPRO,1000
580,AUSOMENT,1000
581,AUTOAXLES,1000
582,AUTOIND,1000
583,AUTOLITIND,1000
584,AVANTIFEED,1000
585,AVENTUS,1000
586,AVG,1000
587,AVONMPL,1000
588,AVSL,1000
589,AVTNPL,1000
590,AXISCADES,1000
593,AYMSYNTEX,1000
594,BAJAJCORP,1000
595,BAJAJELEC,1000
596,BAJAJHIND,1000
597,BAJAJHLDNG,1000
598,BALAJITELE,1000
599,BALAMINES,1000
600,BALKRISHNA,1000
601,BALLARPUR,1000
602,BALMLAWRIE,1000
603,BALPHARMA,1000
604,BALRAMCHIN,1000
605,BANARBEADS,1000
606,BANARISUG,1000
607,BANCOINDIA,1000
608,BANDHANBNK,1000
609,BANG,1000
610,BANKA,1000
612,BANSWRAS,1000
613,BARTRONICS,1000
614,BASF,1000
615,BASML,1000
616,BAYERCROP,1000
617,BBL,1000
618,BBTC,1000
619,BCG,1000
620,BCONCEPTS,1000
621,BDL,1000
622,BEARDSELL,1000
623,BEPL,1000
624,BETA,1000
625,BFINVEST,1000
626,BFUTILITIE,1000
627,BGRENERGY,1000
628,BHAGERIA,1000
629,BHAGYAPROP,1000
630,BHALCHANDR,1000
631,BHANDARI,1000
632,BHARATGEAR,1000
633,BHARATWIRE,1000
634,BIL,1000
635,BINANIIND,1000
636,BINDALAGRO,1000
637,BIRLACORPN,1000
638,BLISSGVS,1000
639,BLKASHYAP,1000
640,BLS,1000
641,BLUEDART,1000
642,BLUESTARCO,1000
643,BODALCHEM,1000
644,BOROSIL,1000
645,BPL,1000
646,BRIGADE,1000
647,BRIGHT,1000
648,BRNL,1000
649,BROOKS,1000
650,BSE,1000
651,BSELINFRA,1000
652,BSHSL,1000
653,BSL,1000
656,BYKE,1000
657,CAMLINFINE,1000
658,CANTABIL,1000
659,CAPACITE,1000
660,CAPLIPOINT,1000
661,CAPTRUST,1000
662,CARBORUNIV,1000
663,CAREERP,1000
664,CARERATING,1000
665,CCCL,1000
666,CCHHL,1000
667,CCL,1000
668,CDSL,1000
669,CEBBCO,1000
670,CELEBRITY,1000
671,CENTENKA,1000
672,CENTEXT,1000
673,CENTRUM,1000
674,CENTUM,1000
675,CENTURYPLY,1000
676,CERA,1000
677,CGCL,1000
678,CHAMBLFERT,1000
679,CHEMFAB,1000
680,CIMMCO,1000
681,CINELINE,1000
682,CLEDUCATE,1000
683,CLNINDIA,1000
684,CMICABLES,1000
685,COCHINSHIP,1000
686,COFFEEDAY,1000
687,COMPINFO,1000
688,COMPUSOFT,1000
689,CONSOFINVT,1000
690,CONTROLPR,1000
691,CORALFINAC,1000
692,CORDSCABLE,1000
693,COROMANDEL,1000
694,CORPBANK,1000
695,COSMOFILMS,1000
696,COX&KINGS,1000
698,CREDITACC,1000
699,CREST,1000
700,CRISIL,1000
702,CROMPTON,1000
703,CUB,1000
704,CUPID,1000
705,CYBERTECH,1000
706,CYIENT,1000
707,DAAWAT,1000
708,DALMIASUG,1000
709,DAMODARIND,1000
710,DATAMATICS,1000
711,DBCORP,1000
712,DBL,1000
713,DBREALTY,1000
714,DCAL,1000
715,DCM,1000
716,DCMSHRIRAM,1000
717,DCW,1000
718,DECCANCE,1000
719,DEEPAKFERT,1000
720,DEEPAKNTR,1000
721,DEEPIND,1000
722,DELTACORP,1000
723,DEN,1000
724,DENABANK,1000
725,DEVIT,1000
726,DFMFOODS,1000
727,DHAMPURSUG,1000
728,DHANBANK,1000
729,DHANUKA,1000
730,DHUNINV,1000
731,DIAMONDYD,1000
732,DICIND,1000
733,DIGJAMLTD,1000
734,DIXON,1000
735,DLINKINDIA,1000
736,DMART,1000
737,DOLLAR,1000
738,DOLPHINOFF,1000
739,DONEAR,1000
740,DPABHUSHAN,1000
741,DPL,1000
742,DPSCLTD,1000
743,DPWIRES,1000
744,DQE,1000
745,DSSL,1000
746,DTIL,1000
747,DUCON,1000
748,DWARKESH,1000
749,DYNAMATECH,1000
750,DYNPRO,1000
751,E2E,1000
752,EASTSILK,1000
754,ECLERX,1000
755,EIDPARRY,1000
756,EIFFL,1000
757,EIHAHOTELS,1000
758,EIHOTEL,1000
759,EIMCOELECO,1000
760,EKC,1000
761,ELECON,1000
762,ELECTCAST,1000
763,ELECTCAST,1000
764,ELECTHERM,1000
765,ELGIEQUIP,1000
766,ELGIRUBCO,1000
767,EMAMILTD,1000
768,EMKAY,1000
769,EMMBI,1000
770,ENDURANCE,1000
771,ENERGYDEV,1000
772,ENIL,1000
773,EON,1000
775,ERIS,1000
776,EROSMEDIA,1000
777,ESABINDIA,1000
778,ESSARSHPNG,1000
779,ESSELPACK,1000
780,ESTER,1000
781,EUROTEXIND,1000
782,EVEREADY,1000
783,EVERESTIND,1000
784,EXCELCROP,1000
785,FACT,1000
786,FAIRCHEM,1000
787,FCONSUMER,1000
788,FDC,1000
789,FEL,1000
790,FELDVR,1000
791,FELIX,1000
792,FIEMIND,1000
793,FILATEX,1000
794,FINCABLES,1000
795,FINEORG,1000
796,FINPIPE,1000
797,FIVECORE,1000
798,FLFL,1000
799,FMGOETZE,1000
800,FMNL,1000
801,FORTIS,1000
802,FOSECOIND,1000
803,FRETAIL,1000
804,FSC,1000
805,FSL,1000
806,GABRIEL,1000
807,GALAXYSURF,1000
808,GALLANTT,1000
809,GANDHITUBE,1000
810,GANECOS,1000
811,GANESHHOUC,1000
812,GANGAFORGE,1000
813,GANGESSECU,1000
814,GARDENSILK,1000
815,GARFIBRES,1000
816,GATI,1000
817,GAYAPROJ,1000
818,GDL,1000
819,GEECEE,1000
820,GEEKAYWIRE,1000
821,GENESYS,1000
822,GENUSPAPER,1000
823,GENUSPOWER,1000
824,GEOJITFSL,1000
825,GEPIL,1000
826,GESHIP,1000
827,GET&D,1000
828,GHCL,1000
829,GICHSGFIN,1000
830,GICL,1000
831,GICRE,1000
832,GILLETTE,1000
833,GINNIFILA,1000
834,GIPCL,1000
835,GIRIRAJ,1000
836,GLAXO,1000
837,GLOBAL,1000
838,GLOBE,1000
839,GLOBOFFS,1000
840,GMDCLTD,1000
841,GMMPFAUDLR,1000
842,GNA,1000
843,GNFC,1000
844,GOACARBON,1000
845,GOCLCORP,1000
846,GODHA,1000
847,GODREJAGRO,1000
848,GODREJPROP,1000
849,GOKEX,1000
850,GOKUL,1000
851,GOKULAGRO,1000
853,GOLDIAM,1000
855,GOODLUCK,1000
856,GPIL,1000
857,GPPL,1000
858,GREAVESCOT,1000
859,GREENLAM,1000
860,GREENPLY,1000
861,GREENPOWER,1000
862,GRINDWELL,1000
863,GRPLTD,1000
864,GRSE,1000
865,GRUH,1000
866,GSCLCEMENT,1000
867,GSKCONS,1000
868,GSPL,1000
869,GSS,1000
870,GTL,1000
871,GTPL,1000
872,GUFICBIO,1000
873,GUJALKALI,1000
874,GUJAPOLLO,1000
875,GUJFLUORO,1000
876,GUJGASLTD,1000
877,GULFOILLUB,1000
878,GULFPETRO,1000
879,GULPOLY,1000
880,HAL,1000
881,HARITASEAT,1000
882,HARRMALAYA,1000
883,HATSUN,1000
884,HBLPOWER,1000
885,HCG,1000
886,HCL-INSYS,1000
887,HDFCAMC,1000
888,HDFCLIFE,1000
892,HEG,1000
893,HEIDELBERG,1000
894,HERCULES,1000
895,HERITGFOOD,1000
896,HESTERBIO,1000
897,HFCL,1000
898,HGINFRA,1000
899,HGS,1000
900,HIGHGROUND,1000
901,HIKAL,1000
902,HIL,1000
903,HIMATSEIDE,1000
904,HINDCOMPOS,1000
905,HINDCON,1000
906,HINDCOPPER,1000
907,HINDMOTORS,1000
908,HINDOILEXP,1000
909,HINDUJAVEN,1000
910,HIRECT,1000
911,HITECH,1000
912,HITECHCORP,1000
913,HITECHGEAR,1000
914,HMVL,1000
916,HONAUT,1000
917,HONDAPOWER,1000
918,HOTELEELA,1000
919,HOVS,1000
920,HPL,1000
921,HSCL,1000
922,HSIL,1000
923,HTMEDIA,1000
924,HUBTOWN,1000
925,HUDCO,1000
926,HUSYSLTD,1000
927,ICEMAKE,1000
930,ICICIGI,1000
940,ICIL,1000
941,ICRA,1000
944,IEX,1000
945,IFBAGRO,1000
946,IFBIND,1000
947,IFGLEXPOR,1000
948,IGARASHI,1000
949,IGPL,1000
950,IIFL,1000
951,IMFA,1000
952,IMPAL,1000
953,INDHOTEL,1000
954,INDIANCARD,1000
955,INDIANHUME,1000
956,INDIGRID,1000
957,INDINFR,1000
958,INDLMETER,1000
959,INDNIPPON,1000
960,INDOCO,1000
961,INDORAMA,1000
962,INDOSTAR,1000
963,INDOTECH,1000
964,INDOTHAI,1000
965,INDRAMEDCO,1000
966,INDTERRAIN,1000
967,INEOSSTYRO,1000
968,INFINITE,1000
969,INFOBEAN,1000
971,INGERRAND,1000
972,INNOVATIVE,1000
973,INOXLEISUR,1000
974,INOXWIND,1000
975,INSECTICID,1000
976,INTELLECT,1000
977,INVENTURE,1000
978,IOB,1000
979,IPAPPM,1000
980,IPCALAB,1000
981,IRBINVIT,1000
982,IRCON,1000
983,ISEC,1000
984,ITDC,1000
985,ITDCEM,1000
986,ITI,1000
987,IVP,1000
988,IVZINGOLD,1000
989,IVZINNIFTY,1000
990,IZMO,1000
991,JAGRAN,1000
992,JAGSNPHARM,1000
993,JAICORPLTD,1000
994,JAKHARIA,1000
995,JAMNAAUTO,1000
996,JASH,1000
997,JAYAGROGN,1000
998,JAYBARMARU,1000
999,JAYSREETEA,1000
1000,JBCHEPHARM,1000
1001,JBMA,1000
1002,JCHAC,1000
1003,JHS,1000
1004,JINDALPHOT,1000
1005,JINDALPOLY,1000
1006,JINDALSAW,1000
1007,JINDRILL,1000
1008,JISLDVREQS,1000
1009,J&KBANK,1000
1010,JKCEMENT,1000
1011,JKLAKSHMI,1000
1012,JKPAPER,1000
1013,JKTYRE,1000
1014,JMA,1000
1015,JMCPROJECT,1000
1016,JMFINANCIL,1000
1017,JOCIL,1000
1018,JPOLYINVST,1000
1019,JSL,1000
1020,JSLHISAR,1000
1021,JSWENERGY,1000
1022,JSWHL,1000
1023,JTEKTINDIA,1000
1024,JUBILANT,1000
1026,JYOTHYLAB,1000
1027,KABRAEXTRU,1000
1028,KAKATCEM,1000
1029,KALPATPOWR,1000
1030,KAMATHOTEL,1000
1031,KAMDHENU,1000
1032,KANANIIND,1000
1033,KANORICHEM,1000
1034,KANSAINER,1000
1035,KAPSTON,1000
1036,KARDA,1000
1037,KARURVYSYA,1000
1038,KAVVERITEL,1000
1039,KAWIRES,1000
1040,KAYA,1000
1041,KCP,1000
1042,KCPSUGIND,1000
1043,KEC,1000
1044,KECL,1000
1045,KEI,1000
1046,KELLTONTEC,1000
1047,KESORAMIND,1000
1048,KHADIM,1000
1049,KHAITANLTD,1000
1050,KICL,1000
1051,KILITCH,1000
1052,KIOCL,1000
1053,KIRLOSBROS,1000
1054,KIRLOSENG,1000
1055,KIRLOSIND,1000
1056,KITEX,1000
1057,KKCL,1000
1058,KNRCON,1000
1059,KOHINOOR,1000
1060,KOKUYOCMLN,1000
1061,KOLTEPATIL,1000
1062,KOPRAN,1000
1068,KOTHARIPET,1000
1069,KOTHARIPRO,1000
1070,KPRMILL,1000
1071,KRBL,1000
1072,KRIDHANINF,1000
1073,KRISHANA,1000
1074,KSBPUMPS,1000
1075,KSL,1000
1076,KTIL,1000
1077,LAKSHVILAS,1000
1078,LALPATHLAB,1000
1079,LAMBODHARA,1000
1080,LAOPALA,1000
1081,LATTEYS,1000
1082,LAURUSLABS,1000
1083,LAXMICOT,1000
1084,LAXMIMACH,1000
1085,LEEL,1000
1086,LEMONTREE,1000
1087,LGBBROSLTD,1000
1088,LIBERTSHOE,1000
1090,LICNETFN50,1000
1093,LINCOLN,1000
1094,LINCPEN,1000
1095,LINDEINDIA,1000
1097,LOKESHMACH,1000
1098,LOTUSEYE,1000
1099,LOVABLE,1000
1100,LTI,1000
1101,LTTS,1000
1102,LUMAXIND,1000
1103,LUMAXTECH,1000
1104,LUXIND,1000
1105,LYKALABS,1000
1106,LYPSAGEMS,1000
1109,MAANALU,1000
1110,MACPOWER,1000
1111,MADHAV,1000
1112,MADRASFERT,1000
1113,MAGMA,1000
1114,MAHABANK,1000
1115,MAHASTEEL,1000
1116,MAHESHWARI,1000
1117,MAHICKRA,1000
1118,MAHINDCIE,1000
1119,MAHLIFE,1000
1120,MAHLOG,1000
1121,MAHSCOOTER,1000
1122,MAHSEAMLES,1000
1123,MAITHANALL,1000
1124,MAJESCO,1000
1125,MANAKALUCO,1000
1126,MANAKSIA,1000
1127,MANAKSTEEL,1000
1128,MANALIPETC,1000
1129,MANGCHEFER,1000
1130,MANGLMCEM,1000
1131,MANGTIMBER,1000
1132,MANINDS,1000
1133,MANINFRA,1000
1134,MARALOVER,1000
1135,MARATHON,1000
1136,MARKSANS,1000
1137,MARSHALL,1000
1138,MASFIN,1000
1139,MASTEK,1000
1140,MATRIMONY,1000
1141,MAXINDIA,1000
1142,MAXVIL,1000
1143,MAYURUNIQ,1000
1144,MAZDA,1000
1145,MBAPL,1000
1146,MCDHOLDING,1000
1147,MCLEODRUSS,1000
1148,MDL,1000
1149,MEGASOFT,1000
1150,MEGH,1000
1151,MENONBE,1000
1152,MEP,1000
1153,MERCATOR,1000
1154,MHRIL,1000
1155,MIDHANI,1000
1156,MILTON,1000
1157,MINDACORP,1000
1158,MINDAIND,1000
1159,MINDTECK,1000
1160,MIRZAINT,1000
1161,MITTAL,1000
1162,MMFL,1000
1163,MMNL,1000
1164,MMP,1000
1165,MMTC,1000
1166,MOHOTAIND,1000
1167,MOIL,1000
1168,MOKSH,1000
1169,MOLDTECH,1000
1170,MOLDTKPAC,1000
1171,MONSANTO,1000
1172,MONTECARLO,1000
1173,MORARJEE,1000
1174,MOTILALOFS,1000
1175,MOTOGENFIN,1000
1176,MPHASIS,1000
1177,MPSLTD,1000
1178,MRO,1000
1179,MSPL,1000
1180,MTEDUCARE,1000
1181,MTNL,1000
1182,MUKANDENGG,1000
1183,MUKANDLTD,1000
1184,MUKTAARTS,1000
1185,MUNJALAU,1000
1186,MUNJALSHOW,1000
1187,MURUDCERA,1000
1188,MUTHOOTCAP,1000
1190,NACLIND,1000
1191,NAGAFERT,1000
1192,NAGAROIL,1000
1193,NAGREEKEXP,1000
1194,NAHARCAP,1000
1195,NAHARINDUS,1000
1196,NAHARPOLY,1000
1197,NAHARSPING,1000
1198,NARMADA,1000
1199,NATCOPHARM,1000
1200,NATHBIOGEN,1000
1201,NAUKRI,1000
1202,NAVINFLUOR,1000
1203,NAVKARCORP,1000
1204,NAVNETEDUL,1000
1205,NBIFIN,1000
1206,NBVENTURES,1000
1207,NCLIND,1000
1208,NDGL,1000
1209,NDL,1000
1210,NECCLTD,1000
1211,NECLIFE,1000
1212,NELCAST,1000
1213,NESCO,1000
1214,NETWORK18,1000
1215,NEULANDLAB,1000
1216,NEWGEN,1000
1217,NFL,1000
1218,NH,1000
1219,NIACL,1000
1222,NIITLTD,1000
1223,NILAINFRA,1000
1224,NILKAMAL,1000
1225,NIPPOBATRY,1000
1226,NITCO,1000
1227,NITESHEST,1000
1228,NITINSPIN,1000
1229,NITIRAJ,1000
1230,NLCINDIA,1000
1231,NOCIL,1000
1232,NOIDATOLL,1000
1233,NRAIL,1000
1234,NRBBEARING,1000
1235,NSIL,1000
1236,NUCLEUS,1000
1237,OBEROIRLTY,1000
1238,OCCL,1000
1239,OCL,1000
1240,OILCOUNTUB,1000
1241,OMAXE,1000
1242,OMFURN,1000
1243,OMMETALS,1000
1244,ONEPOINT,1000
1245,ONMOBILE,1000
1246,ONWARDTEC,1000
1247,OPAL,1000
1248,ORBTEXP,1000
1249,ORICONENT,1000
1250,ORIENTABRA,1000
1251,ORIENTBELL,1000
1252,ORIENTCEM,1000
1253,ORIENTELEC,1000
1254,ORIENTHOT,1000
1255,ORIENTLTD,1000
1256,ORIENTPPR,1000
1257,ORIENTREF,1000
1258,ORISSAMINE,1000
1259,ORTINLABSS,1000
1260,OSWALAGRO,1000
1261,OSWALSEEDS,1000
1262,PAISALO,1000
1263,PALREDTEC,1000
1264,PANACEABIO,1000
1265,PANAMAPET,1000
1266,PAPERPROD,1000
1267,PARACABLES,1000
1268,PARAGMILK,1000
1269,PARSVNATH,1000
1270,PASHUPATI,1000
1271,PATELENG,1000
1272,PATINTLOG,1000
1273,PATSPINLTD,1000
1274,PDMJEPAPER,1000
1275,PDPL,1000
1276,PDSMFL,1000
1277,PENIND,1000
1278,PENINLAND,1000
1279,PENPEBS,1000
1280,PENTAGOLD,1000
1281,PERSISTENT,1000
1282,PFIZER,1000
1283,PFOCUS,1000
1284,PFS,1000
1285,PGEL,1000
1286,PGHH,1000
1287,PGIL,1000
1288,PHILIPCARB,1000
1289,PHOENIXLTD,1000
1290,PIGL,1000
1291,PIIND,1000
1292,PILITA,1000
1293,PIONEEREMB,1000
1294,PITTIENG,1000
1295,PLASTIBLEN,1000
1296,PNBGILTS,1000
1297,PNBHOUSING,1000
1298,PNC,1000
1299,PNCINFRA,1000
1300,PODDARHOUS,1000
1301,PODDARMENT,1000
1302,POKARNA,1000
1303,POLYMED,1000
1304,POLYPLEX,1000
1305,PONNIERODE,1000
1306,POWERFUL,1000
1307,POWERMECH,1000
1308,PPAP,1000
1309,PRABHAT,1000
1310,PRAJIND,1000
1311,PRAKASH,1000
1312,PRECAM,1000
1313,PRECWIRE,1000
1314,PREMEXPLN,1000
1315,PREMIERPOL,1000
1316,PRESSMN,1000
1317,PRESTIGE,1000
1318,PRICOLLTD,1000
1319,PRIMESECU,1000
1320,PRITI,1000
1321,PROVOGE,1000
1322,PROZONINTU,1000
1323,PRSMJOHNSN,1000
1324,PSB,1000
1325,PSPPROJECT,1000
1327,PTL,1000
1328,PULZ,1000
1329,PUNJABCHEM,1000
1330,PUNJLLOYD,1000
1331,PURVA,1000
1332,PUSHPREALM,1000
1333,PVP,1000
1336,QUESS,1000
1337,QUICKHEAL,1000
1338,RADIOCITY,1000
1339,RAJESHEXPO,1000
1340,RAJTV,1000
1341,RALLIS,1000
1342,RAMANEWS,1000
1343,RAMCOIND,1000
1344,RAMCOSYS,1000
1345,RANEENGINE,1000
1346,RANEHOLDIN,1000
1347,RATNAMANI,1000
1348,RBL,1000
1349,RCF,1000
1350,REDINGTON,1000
1351,RELAXO,1000
1355,RELIABLE,1000
1356,RELIGARE,1000
1358,REPL,1000
1359,REPRO,1000
1360,REVATHI,1000
1361,RHFL,1000
1362,RICOAUTO,1000
1363,RIIL,1000
1364,RITES,1000
1365,RJL,1000
1366,RKEC,1000
1367,RKFORGE,1000
1368,RMCL,1000
1369,RML,1000
1370,RNAM,1000
1371,ROHLTD,1000
1372,ROLLT,1000
1373,ROSSELLIND,1000
1374,RPGLIFE,1000
1375,RPPL,1000
1377,RSSOFTWARE,1000
1378,RSWM,1000
1379,RSYSTEMS,1000
1380,RTNPOWER,1000
1381,RUBYMILLS,1000
1382,RUCHIRA,1000
1383,RUPA,1000
1384,RUSHIL,1000
1385,SADBHAV,1000
1386,SADBHIN,1000
1387,SAGARDEEP,1000
1388,SAGCEM,1000
1389,SAKAR,1000
1390,SAKETH,1000
1391,SAKSOFT,1000
1392,SAKUMA,1000
1393,SALASAR,1000
1394,SALSTEEL,1000
1395,SALZERELEC,1000
1396,SAMBHAAV,1000
1397,SANCO,1000
1398,SANDESH,1000
1399,SANDHAR,1000
1400,SANGAMIND,1000
1401,SANGHIIND,1000
1402,SANGHVIMOV,1000
1403,SANOFI,1000
1404,SANWARIA,1000
1405,SARDAEN,1000
1406,SAREGAMA,1000
1407,SARLAPOLY,1000
1408,SASKEN,1000
1409,SASTASUNDR,1000
1410,SATHAISPAT,1000
1411,SATIN,1000
1412,SBILIFE,1000
1413,SCHAEFFLER,1000
1414,SCHAND,1000
1415,SCHNEIDER,1000
1416,SCI,1000
1417,SDBL,1000
1418,SECURCRED,1000
1419,SELAN,1000
1420,SERVOTECH,1000
1421,SESHAPAPER,1000
1422,SETCO,1000
1428,SFL,1000
1429,SHAIVAL,1000
1430,SHAKTIPUMP,1000
1431,SHALBY,1000
1432,SHALPAINTS,1000
1433,SHANKARA,1000
1434,SHANTI,1000
1435,SHANTIGEAR,1000
1436,SHARDACROP,1000
1437,SHARDAMOTR,1000
1439,SHEMAROO,1000
1440,SHILPAMED,1000
1441,SHIRPUR-G,1000
1442,SHIVAMAUTO,1000
1443,SHIVAMILLS,1000
1444,SHIVATEX,1000
1445,SHK,1000
1446,SHOPERSTOP,1000
1447,SHRADHA,1000
1448,SHREEPUSHK,1000
1449,SHREYANIND,1000
1450,SHREYAS,1000
1451,SHRIRAMCIT,1000
1452,SHRIRAMEPC,1000
1453,SHYAMCENT,1000
1454,SICAGEN,1000
1455,SICAL,1000
1456,SIGIND,1000
1457,SIKKO,1000
1458,SILLYMONKS,1000
1459,SILVERTUC,1000
1460,SINTERCOM,1000
1461,SINTEX,1000
1462,SIRCA,1000
1463,SIS,1000
1464,SITINET,1000
1465,SIYSIL,1000
1466,SJVN,1000
1467,SKFINDIA,1000
1468,SKIPPER,1000
1469,SKML,1000
1470,SMARTLINK,1000
1471,SMLISUZU,1000
1472,SMSLIFE,1000
1473,SMSPHARMA,1000
1474,SMVD,1000
1475,SNOWMAN,1000
1476,SOBHA,1000
1477,SOFTTECH,1000
1478,SOLARINDS,1000
1479,SOLEX,1000
1480,SOMANYCERA,1000
1481,SOMICONVEY,1000
1482,SONAMCLOCK,1000
1483,SONATSOFTW,1000
1484,SONISOYA,1000
1485,SOTL,1000
1486,SOUTHWEST,1000
1487,SPAL,1000
1488,SPARC,1000
1489,SPECIALITY,1000
1490,SPIC,1000
1491,SPICEMOBI,1000
1492,SPMLINFRA,1000
1493,SPTL,1000
1494,SQSBFSI,1000
1495,SREEL,1000
1496,SRHHYPOLTD,1000
1497,SRIPIPES,1000
1498,SRPL,1000
1499,SSINFRA,1000
1500,SSWL,1000
1501,STAN,1000
1502,STARCEMENT,1000
1503,STARPAPER,1000
1504,STCINDIA,1000
1505,STEELCITY,1000
1506,STERTOOLS,1000
1507,STINDIA,1000
1508,STRTECH,1000
1509,SUBEX,1000
1510,SUBROS,1000
1511,SUDARSCHEM,1000
1512,SUMIT,1000
1513,SUMMITSEC,1000
1514,SUNCLAYLTD,1000
1515,SUNDARAM,1000
1516,SUNDARMFIN,1000
1517,SUNDARMHLD,1000
1518,SUNDRMBRAK,1000
1519,SUNDRMFAST,1000
1520,SUNFLAG,1000
1521,SUNTECK,1000
1522,SUPERHOUSE,1000
1523,SUPPETRO,1000
1524,SUPRAJIT,1000
1525,SUPREMEENG,1000
1526,SUPREMEIND,1000
1527,SURANAT&P,1000
1528,SURYALAXMI,1000
1529,SURYAROSNI,1000
1530,SUTLEJTEX,1000
1531,SUULD,1000
1532,SUVEN,1000
1533,SVLL,1000
1534,SWANENERGY,1000
1535,SWARAJENG,1000
1536,SWELECTES,1000
1537,SYMPHONY,1000
1538,SYNGENE,1000
1539,TAINWALCHM,1000
1540,TAJGVK,1000
1541,TAKE,1000
1542,TALBROAUTO,1000
1543,TALWGYM,1000
1544,TARACHAND,1000
1545,TARMAT,1000
1546,TASTYBITE,1000
1547,TATACOFFEE,1000
1548,TATAINVEST,1000
1549,TATAMETALI,1000
1550,TATASPONGE,1000
1551,TBZ,1000
1552,TCI,1000
1553,TCIDEVELOP,1000
1554,TCIEXP,1000
1555,TCIFINANCE,1000
1556,TCNSBRANDS,1000
1557,TCPLPACK,1000
1558,TDPOWERSYS,1000
1559,TEAMLEASE,1000
1560,TECHNOFAB,1000
1561,TEJASNET,1000
1562,TERASOFT,1000
1563,TEXINFRA,1000
1564,TEXRAIL,1000
1565,TFCILTD,1000
1566,THANGAMAYL,1000
1567,THEINVEST,1000
1568,THEMISMED,1000
1569,THERMAX,1000
1570,THIRUSUGAR,1000
1571,THOMASCOOK,1000
1572,THYROCARE,1000
1573,TI,1000
1574,TIDEWATER,1000
1575,TIFIN,1000
1576,TIIL,1000
1577,TIINDIA,1000
1578,TIL,1000
1579,TIMETECHNO,1000
1580,TIMKEN,1000
1581,TINPLATE,1000
1582,TIPSINDLTD,1000
1583,TIRUMALCHM,1000
1584,TIRUPATI,1000
1585,TMRVL,1000
1586,TNPETRO,1000
1587,TNPL,1000
1588,TOKYOPLAST,1000
1589,TPLPLASTEH,1000
1590,TRANSWIND,1000
1591,TRENT,1000
1592,TRIDENT,1000
1593,TRIGYN,1000
1594,TRIL,1000
1595,TRITURBINE,1000
1596,TTKHLTCARE,1000
1597,TTKPRESTIG,1000
1598,TTL,1000
1599,TTML,1000
1600,TVSSRICHAK,1000
1601,TVTODAY,1000
1602,TWL,1000
1603,UCALFUEL,1000
1604,UCL,1000
1605,UCOBANK,1000
1606,UFLEX,1000
1607,UFO,1000
1608,UJAAS,1000
1609,UMANGDAIRY,1000
1610,UNICHEMLAB,1000
1611,UNIINFO,1000
1612,UNIPLY,1000
1613,UNITECH,1000
1614,UNITEDBNK,1000
1615,UNITEDTEA,1000
1616,UNIVASTU,1000
1617,UNIVCABLES,1000
1618,URAVI,1000
1619,USHAMART,1000
1623,UTTAMSUGAR,1000
1624,V2RETAIL,1000
1625,VADILALIND,1000
1626,VAIBHAVGBL,1000
1627,VARDHACRLC,1000
1628,VARDMNPOLY,1000
1629,VARROC,1000
1630,VASCONEQ,1000
1631,VASWANI,1000
1632,VBL,1000
1633,VENKEYS,1000
1634,VENUSREM,1000
1635,VERA,1000
1636,VERTOZ,1000
1637,VESUVIUS,1000
1638,VHL,1000
1639,VIDHIING,1000
1640,VIJAYABANK,1000
1641,VIKASECO,1000
1642,VIMTALABS,1000
1643,VINATIORGA,1000
1644,VINYLINDIA,1000
1645,VIPCLOTHNG,1000
1646,VIPULLTD,1000
1647,VISAKAIND,1000
1648,VISHNU,1000
1649,VIVIDHA,1000
1650,VIVIMEDLAB,1000
1651,VLSFINANCE,1000
1652,VOLTAMP,1000
1653,VRLLOG,1000
1654,VSSL,1000
1655,VSTIND,1000
1656,VSTTILLERS,1000
1657,VTL,1000
1658,WABAG,1000
1659,WABCOINDIA,1000
1660,WALCHANNAG,1000
1661,WEIZFOREX,1000
1662,WELCORP,1000
1663,WELENT,1000
1664,WELSPUNIND,1000
1665,WENDT,1000
1666,WHEELS,1000
1667,WHIRLPOOL,1000
1668,WILLAMAGOR,1000
1669,WINDMACHIN,1000
1670,WONDERLA,1000
1671,WORTH,1000
1672,WSTCSTPAPR,1000
1673,XCHANGING,1000
1674,XPROINDIA,1000
1675,ZEELEARN,1000
1676,ZEEMEDIA,1000
1677,ZENSARTECH,1000
1678,ZICOM,1000
1679,ZODIAC,1000
1680,ZODIACLOTH,1000
1681,ZOTA,1000
1682,ZUARI,1000
1683,ZUARIGLOB,1000
1684,ZYDUSWELL,1000
1685,ACC,1000
1686,ADANIENT,1000
1687,ADANIPORTS,1000
1688,ADANIPOWER,1000
1689,AJANTPHARM,1000
1690,ALBK,1000
1691,AMARAJABAT,1000
1692,AMBUJACEM,1000
1693,APOLLOHOSP,1000
1694,APOLLOTYRE,1000
1695,ARVIND,1000
1696,ASHOKLEY,1000
1697,ASIANPAINT,1000
1698,AUROPHARMA,1000
1699,AXISBANK,1000
1700,BAJAJ-AUTO,1000
1701,BAJAJFINSV,1000
1702,BAJFINANCE,1000
1703,BALKRISIND,1000
1704,BANKBARODA,1000
1705,BANKINDIA,1000
1706,BATAINDIA,1000
1707,BEL,1000
1708,BEML,1000
1709,BERGEPAINT,1000
1710,BHARATFIN,1000
1711,BHARATFORG,1000
1712,BHARTIARTL,1000
1713,BHEL,1000
1714,BIOCON,1000
1715,BOSCHLTD,1000
1716,BPCL,1000
1717,BRITANNIA,1000
1718,CADILAHC,1000
1719,CANBK,1000
1720,CANFINHOME,1000
1721,CAPF,1000
1722,CASTROLIND,1000
1723,CEATLTD,1000
1724,CENTURYTEX,1000
1725,CESC,1000
1726,CGPOWER,1000
1727,CHENNPETRO,1000
1728,CHOLAFIN,1000
1729,CIPLA,1000
1730,COALINDIA,1000
1731,COLPAL,1000
1732,CONCOR,1000
1733,CUMMINSIND,1000
1734,DABUR,1000
1735,DALMIABHA,1000
1736,DCBBANK,1000
1737,DHFL,1000
1738,DISHTV,1000
1739,DIVISLAB,1000
1740,DLF,1000
1741,DRREDDY,1000
1742,EICHERMOT,1000
1743,ENGINERSIN,1000
1744,EQUITAS,1000
1745,ESCORTS,1000
1746,EXIDEIND,1000
1747,FEDERALBNK,1000
1748,GAIL,1000
1749,GLENMARK,1000
1750,GMRINFRA,1000
1751,GODFRYPHLP,1000
1752,GODREJCP,1000
1753,GODREJIND,1000
1754,GRANULES,1000
1755,GRASIM,1000
1756,GSFC,1000
1757,HAVELLS,1000
1758,HCC,1000
1759,HCLTECH,1000
1760,HDFC,1000
1761,HDFCBANK,1000
1762,HEROMOTOCO,1000
1763,HEXAWARE,1000
1764,HINDALCO,1000
1765,HINDPETRO,1000
1766,HINDUNILVR,1000
1767,HINDZINC,1000
1768,IBULHSGFIN,1000
1769,IBULHSGFIN,1000
1770,ICICIBANK,1000
1771,ICICIPRULI,1000
1772,IDBI,1000
1773,IDEA,1000
1774,IDFC,1000
1775,IDFCBANK,1000
1776,IFCI,1000
1777,IGL,1000
1778,INDIACEM,1000
1779,INDIANB,1000
1780,INDIGO,1000
1781,INDUSINDBK,1000
1782,INFIBEAM,1000
1783,INFRATEL,1000
1784,INFY,1000
1785,IOC,1000
1786,IRB,1000
1787,ITC,1000
1788,JETAIRWAYS,1000
1789,JINDALSTEL,1000
1790,JISLJALEQS,1000
1791,JPASSOCIAT,1000
1792,JSWSTEEL,1000
1793,JUBLFOOD,1000
1794,JUSTDIAL,1000
1795,KAJARIACER,1000
1796,KOTAKBANK,1000
1797,KPIT,1000
1798,KSCL,1000
1799,KTKBANK,1000
1800,LICHSGFIN,1000
1801,LT,1000
1802,L&TFH,1000
1803,LUPIN,1000
1804,MANAPPURAM,1000
1805,MARICO,1000
1806,MARUTI,1000
1807,MCDOWELL-N,1000
1808,MCX,1000
1809,MFSL,1000
1810,MGL,1000
1811,MINDTREE,1000
1812,M&M,1000
1813,M&MFIN,1000
1814,MOTHERSUMI,1000
1815,MRF,1000
1816,MRPL,1000
1817,MUTHOOTFIN,1000
1818,NATIONALUM,1000
1819,NBCC,1000
1820,NCC,1000
1821,NESTLEIND,1000
1822,NHPC,1000
1823,NIITTECH,1000
1824,NMDC,1000
1825,NTPC,1000
1826,OFSS,1000
1827,OIL,1000
1828,ONGC,1000
1829,ORIENTBANK,1000
1830,PAGEIND,1000
1831,PCJEWELLER,1000
1832,PEL,1000
1833,PETRONET,1000
1834,PFC,1000
1835,PIDILITIND,1000
1836,PNB,1000
1837,POWERGRID,1000
1838,PTC,1000
1839,PVR,1000
1840,RAMCOCEM,1000
1841,RAYMOND,1000
1842,RBLBANK,1000
1843,RCOM,1000
1844,RECLTD,1000
1845,RELCAPITAL,1000
1846,RELIANCE,1000
1847,RELINFRA,1000
1848,REPCOHOME,1000
1849,RPOWER,1000
1850,SAIL,1000
1851,SBIN,1000
1852,SHREECEM,1000
1853,SIEMENS,1000
1854,SOUTHBANK,1000
1855,SREINFRA,1000
1856,SRF,1000
1857,SRTRANSFIN,1000
1858,STAR,1000
1859,SUNPHARMA,1000
1860,SUNTV,1000
1861,SUZLON,1000
1862,SYNDIBANK,1000
1863,TATACHEM,1000
1864,TATACOMM,1000
1865,TATAELXSI,1000
1866,TATAGLOBAL,1000
1867,TATAMOTORS,1000
1868,TATAMTRDVR,1000
1869,TATAPOWER,1000
1870,TATASTEEL,1000
1871,TCS,1000
1872,TECHM,1000
1873,TITAN,1000
1874,TORNTPHARM,1000
1875,TORNTPOWER,1000
1876,TV18BRDCST,1000
1877,TVSMOTOR,1000
1878,UBL,1000
1879,UJJIVAN,1000
1880,ULTRACEMCO,1000
1881,UNIONBANK,1000
1882,UPL,1000
1883,VEDL,1000
1884,VGUARD,1000
1885,VOLTAS,1000
1886,WIPRO,1000
1887,WOCKPHARMA,1000
1888,YESBANK,1000
1889,ZEEL,1000
1893,KPITTECH,1000
1894,GFSTEELS,1000
1895,SUBEXLTD,1000
1896,VALIANTORG,1000
1897,SUMICHEM,1000
1898,KIRLFER,1000
1899,VISHAL,1000
1900,TECHNOE,1000
1901,VISHWARAJ,1000
1902,ORCHPHARMA,1000
1903,SAFARI,1000
1904,JIYAECO,1000
1905,SBICARD,1000
1906,FLUOROCHEM,1000
1907,GLAND,1000
1908,CAMS,1000
1909,EQUITASBNK,1000
1910,ROUTE,1000
1911,KUANTUM,1000
1912,BIRLATYRE,1000
1913,IIFLSEC,1000
1914,INDIAMART,1000
1915,ASALCBR,1000
1916,JUMPNET,1000
1917,POLYCAB,1000
1918,VIKASPROP,1000
1919,LIKHITHA,1000
1920,RVNL,1000
1921,PRICOL-RE,1000
1922,DOLAT,1000
1923,ADL,1000
1924,ARTEMISMED,1000
1925,IRCTC,1000
1926,SHAREINDIA,1000
1927,BCP,1000
1928,SPENCERS,1000
1929,AARTISURF,1000
1930,HAPPSTMNDS,1000
1931,MAXHEALTH,1000
1932,MARINE,1000
1933,RUCHI,1000
1934,MAXIND,1000
1935,ANUP,1000
1936,NIRAJ,1000
1937,IIFLWAM,1000
1938,CHALET,1000
1939,NDRAUTO,1000
1940,HNDFDS,1000
1941,NEOGEN,1000
1942,SUVENPHAR,1000
1943,DCMNVL,1000
1944,CSBBANK,1000
1945,CHEMBOND,1000
1946,MAZDOCK,1000
1947,AFFLE,1000
1948,PPL,1000
1949,XELPMOC,1000
1950,CESCVENT,1000
1951,PRINCEPIPE,1000
1952,OAL,1000
1953,SHIL,1000
1954,BOROLTD,1000
1955,SWSOLAR,1000
1956,NILASPACES,1000
1957,DGCONTENT,1000
1958,ARVINDFASN,1000
1959,DALBHARAT,1000
1960,HEMIPROP,1000
1961,KHAICHEM,1000
1962,ADANIGAS,1000
1963,APOLLOPIPE,1000
1964,BAFNAPH,1000
1965,METROPOLIS,1000
1966,ROML,1000
1967,UTIAMC,1000
1968,JSWISPL,1000
1969,EMAMIPAP,1000
1970,SPANDANA,1000
1971,POWERINDIA,1000
1972,GBGLOBAL,1000
1973,GREENPANEL,1000
1974,TREJHARA,1000
1975,WESTLIFE,1000
1976,RAJRATAN,1000
1977,CHEMCON,1000
1978,UNIDT,1000
1979,MAHEPC,1000
1980,UJJIVANSFB,1000
1981,MSTCLTD,1000
1982,SATIA,1000
1983,SHREDIGCEM,1000
1984,ROSSARI,1000
1985,VIKASMCORP,1000
1986,UNIVPHOTO,1000
1987,BORORENEW,1000
1988,ANGELBRKG,1000
1989,ALOKINDS,1000
1990,CONFIPET,1000
1991,SEYAIND,1000
